{"cameraMode":{"drawMode":0,"name":"Shaded","section":"Shading Mode"},"sceneLighting":true,"audioPlay":false,"sceneViewState":{"m_AlwaysRefresh":false,"showFog":true,"showSkybox":true,"showFlares":true,"showImageEffects":true,"showParticleSystems":true,"showVisualEffectGraphs":true,"m_FxEnabled":true},"in2DMode":false,"pivot":{"x":6.620582103729248,"y":10.536577224731446,"z":-2.1837663650512697},"rotation":{"x":0.0911719873547554,"y":-0.8860809206962586,"z":0.19884566962718965,"w":0.4090242087841034},"size":5.6451520919799809,"orthographic":true}