{"cameraMode":{"drawMode":0,"name":"Shaded","section":"Shading Mode"},"sceneLighting":true,"audioPlay":false,"sceneViewState":{"m_AlwaysRefresh":false,"showFog":true,"showSkybox":true,"showFlares":true,"showImageEffects":true,"showParticleSystems":true,"showVisualEffectGraphs":true,"m_FxEnabled":true},"in2DMode":false,"pivot":{"x":4.5397443771362309,"y":11.131505966186524,"z":5.747004985809326},"rotation":{"x":0.02262236550450325,"y":-0.9770645499229431,"z":0.15223747491836549,"w":0.14809255301952363},"size":5.7169976234436039,"orthographic":true}